{"status": "success", "metrics": [{"cell_accuracy_all": 0.691358024691358, "cell_accuracy_0": 0.8571428571428571, "cell_accuracy_2": 0.0, "cell_accuracy_7": 0.4666666666666667, "cell_accuracy_8": 0.4666666666666667}], "predictions": [[[0, 7, 0, 0, 8, 0, 0, 0, 0], [7, 7, 7, 7, 2, 7, 7, 7, 7], [0, 7, 0, 0, 8, 0, 0, 0, 0], [0, 7, 0, 0, 8, 0, 0, 0, 0], [8, 2, 8, 8, 8, 8, 8, 8, 8], [0, 7, 0, 0, 8, 0, 0, 0, 0], [0, 7, 0, 0, 8, 0, 0, 0, 0], [0, 7, 0, 0, 8, 0, 0, 0, 0], [0, 7, 0, 0, 8, 0, 0, 0, 0]]]}