{"status": "success", "metrics": [{"cell_accuracy_all": 0.8395061728395061, "cell_accuracy_0": 0.9166666666666666, "cell_accuracy_1": 0.75, "cell_accuracy_5": 1.0}], "predictions": [[[1, 1, 1, 0, 0, 0, 0, 0, 0], [1, 5, 1, 0, 0, 1, 1, 1, 0], [1, 1, 1, 0, 0, 1, 1, 5, 1], [0, 0, 0, 0, 0, 1, 1, 1, 1], [0, 0, 1, 5, 1, 0, 0, 0, 0], [0, 0, 1, 1, 1, 0, 0, 0, 0], [0, 1, 1, 0, 0, 0, 0, 0, 0], [0, 5, 1, 0, 1, 5, 1, 0, 0], [0, 1, 1, 0, 1, 1, 1, 0, 0]]]}