{"status": "success", "metrics": [{"cell_accuracy_all": 0.978021978021978, "cell_accuracy_0": 1.0, "cell_accuracy_1": 1.0, "cell_accuracy_2": 1.0, "cell_accuracy_3": 1.0, "cell_accuracy_8": 0.8787878787878788}], "predictions": [[[0, 1, 1, 1, 1, 1, 0, 0, 0, 0, 0, 0, 0], [0, 1, 8, 8, 8, 1, 0, 0, 1, 1, 1, 0, 0], [0, 1, 8, 8, 8, 1, 0, 0, 1, 8, 1, 0, 0], [0, 1, 1, 1, 1, 1, 0, 0, 1, 1, 1, 0, 0], [0, 0, 0, 0, 0, 0, 0, 0, 0, 0, 0, 0, 0], [0, 0, 2, 2, 2, 2, 2, 2, 0, 0, 0, 0, 0], [0, 0, 2, 8, 8, 8, 8, 2, 0, 0, 0, 0, 0], [0, 0, 2, 8, 8, 8, 8, 2, 0, 3, 3, 3, 3], [0, 0, 2, 8, 8, 8, 8, 2, 0, 3, 8, 8, 3], [0, 0, 2, 8, 8, 8, 8, 2, 0, 3, 8, 8, 3], [0, 0, 2, 2, 2, 2, 2, 2, 0, 3, 8, 8, 3], [0, 0, 0, 0, 0, 0, 0, 0, 0, 3, 3, 3, 3], [0, 0, 0, 0, 0, 0, 0, 0, 0, 3, 3, 3, 3], [0, 0, 0, 0, 0, 0, 0, 0, 0, 3, 3, 3, 3]]]}