{"status": "success", "metrics": [{"cell_accuracy_all": 0.5, "cell_accuracy_0": 0.5714285714285714, "cell_accuracy_1": 0.6666666666666666, "cell_accuracy_2": 1.0, "cell_accuracy_3": 0.0}], "predictions": [[[1, 3, 1, 1], [0, 3, 0, 0], [2, 3, 0, 2], [0, 3, 0, 0]]]}