{"status": "success", "metrics": [{"cell_accuracy_all": 0.8125, "cell_accuracy_4": 0.6666666666666666, "cell_accuracy_7": 1.0, "cell_accuracy_8": 0.3333333333333333}], "predictions": [[[7, 7, 7, 4], [4, 7, 7, 4], [7, 7, 7, 7], [7, 4, 8, 8]]]}