{"status": "success", "metrics": [{"cell_accuracy_all": 0.7654320987654321, "cell_accuracy_0": 0.8775510204081632, "cell_accuracy_1": 0.625, "cell_accuracy_5": 0.5625}], "predictions": [[[5, 1, 5, 0, 0, 0, 0, 0, 0], [1, 0, 1, 0, 0, 0, 0, 0, 0], [5, 1, 5, 0, 5, 1, 5, 0, 0], [0, 0, 0, 0, 1, 0, 1, 0, 0], [0, 0, 0, 0, 5, 1, 5, 0, 0], [0, 0, 0, 0, 0, 0, 0, 5, 1], [0, 5, 1, 5, 0, 0, 0, 1, 0], [0, 1, 0, 1, 0, 0, 0, 5, 1], [0, 5, 1, 5, 0, 0, 0, 0, 0]]]}