{"status": "success", "metrics": [{"cell_accuracy_all": 0.7777777777777778, "cell_accuracy_0": 0.8333333333333334, "cell_accuracy_5": 0.6666666666666666}], "predictions": [[[0, 5, 5], [0, 0, 5], [0, 0, 0]]]}